www.census.gov,GeoTrust RSA CA 2018
www.abmc.gov,Thawte EV RSA CA 2018
access-board.gov,DigiCert SHA2 High Assurance Server CA
www.section508.gov,DigiCert TLS RSA SHA256 2020 CA1
*.acf.hhs.gov,Entrust Certification Authority - L1K
acl.gov,Entrust Certification Authority - L1K
adlnet.gov,R3
www.afadvantage.gov,DigiCert SHA2 Secure Server CA
sni.cloudflaressl.com,Cloudflare Inc ECC CA-3
ahrq.gov,DigiCert SHA2 Secure Server CA
ahrq.gov,DigiCert SHA2 Secure Server CA
*.ai.gov,Entrust Certification Authority - L1K
airnow.gov,DigiCert SHA2 Extended Validation Server CA
AMBERALERT.GOV,DigiCert TLS RSA SHA256 2020 CA1
sni.cloudflaressl.com,Cloudflare Inc ECC CA-3
amtrakoig.gov,GlobalSign GCC R3 DV TLS CA 2020
www.cpsc.gov,GeoTrust RSA CA 2018
www.anstaskforce.gov,Sectigo RSA Domain Validation Secure Server CA
sni.cloudflaressl.com,Cloudflare Inc ECC CA-3
arctic.gov,Go Daddy Secure Certificate Authority - G2
www.asap.gov,Entrust Certification Authority - L1K
*.asc.gov,GeoTrust RSA CA 2018
sni.cloudflaressl.com,Cloudflare Inc ECC CA-3
*.ATF.GOV,Entrust Certification Authority - L1K
*.ATFONLINE.GOV,Entrust Certification Authority - L1K
www.usagm.gov,R3
www.bep.gov,Entrust Certification Authority - L1K
bfem.gov,Entrust Certification Authority - L1K
biomassboard.gov,Entrust Certification Authority - L1K
sni.cloudflaressl.com,Cloudflare Inc ECC CA-3
bja.gov,DigiCert TLS RSA SHA256 2020 CA1
*.blm.gov,DigiCert TLS RSA SHA256 2020 CA1
*.bls.gov,Entrust Certification Authority - L1K
*.bnl.gov,InCommon RSA Server CA
*.bpa.gov,Entrust Certification Authority - L1K
sni.cloudflaressl.com,Cloudflare Inc ECC CA-3
www.buildingamerica.gov,Entrust Certification Authority - L1K
business.gov,R3
*.cancer.gov,DigiCert SHA2 Secure Server CA
www.acquisition.gov,DigiCert SHA2 Secure Server CA
www.acquisition.gov,DigiCert SHA2 Secure Server CA
*.cap.gov,Starfield Secure Certificate Authority - G2
www.capitol.gov,Entrust Certification Authority - L1K
www.capnhq.gov,DigiCert TLS RSA SHA256 2020 CA1
www.ccac.gov,Entrust Certification Authority - L1K
www.alzheimers.gov,DigiCert SHA2 Extended Validation Server CA
brainhealth.gov,DigiCert SHA2 Secure Server CA
cerebrosano.gov,DigiCert SHA2 Secure Server CA
www.cfa.gov,DigiCert TLS RSA SHA256 2020 CA1
www.childcare.gov,Entrust Certification Authority - L1K
www.childreninadversity.gov,Amazon
childtaxcredit.gov,R3
www.cjis.gov,Entrust Certification Authority - L1M
*.clinicaltrials.gov,DigiCert TLS RSA SHA256 2020 CA1
cloud.gov,R3
www.cms.gov,GeoTrust RSA CA 2018
cmts.gov,Entrust Certification Authority - L1K
*.devcloud.acquia-sites.com,DigiCert SHA2 High Assurance Server CA
www.collegedrinkingprevention.gov,Entrust Certification Authority - L1K
*.commerce.gov,DigiCert SHA2 Secure Server CA
www.complaintreferralexpress.gov,Entrust Certification Authority - L1K
*.congress.gov,Entrust Certification Authority - L1K
www.ftc.gov,GeoTrust RSA CA 2018
*.consumersentinel.gov,DigiCert TLS RSA SHA256 2020 CA1
sni.cloudflaressl.com,Cloudflare Inc ECC CA-3
coralreef.gov,Go Daddy Secure Certificate Authority - G2
whitehouse.gov,GeoTrust RSA CA 2018
www.cpars.gov,Entrust Certification Authority - L1M
www.cpsc.gov,GeoTrust RSA CA 2018
CRIMESOLUTIONS.GOV,DigiCert TLS RSA SHA256 2020 CA1
CRIMEVICTIMS.GOV,DigiCert TLS RSA SHA256 2020 CA1
*.crisisnextdoor.gov,DigiCert SHA2 Secure Server CA
*.bis.doc.gov,Entrust Certification Authority - L1K
*.cwc.gov,Entrust Certification Authority - L1K
mail.opm.gov,GeoTrust RSA CA 2018
cybercrime.gov,Entrust Certification Authority - L1K
www.dea.gov,DigiCert SHA2 Secure Server CA
www.dea.gov,DigiCert SHA2 Secure Server CA
www.deaecom.gov,DigiCert SHA2 Extended Validation Server CA
stats.defense.gov,DigiCert SHA2 Secure Server CA
denali.gov,Go Daddy Secure Certificate Authority - G2
*.dfafacts.gov,Network Solutions OV Server CA 2
www.dhs.gov,GeoTrust RSA CA 2018
digital.gov,R3
www.digitaldashboard.gov,DigiCert SHA2 Secure Server CA
digitalgov.gov,R3
sni.cloudflaressl.com,Cloudflare Inc ECC CA-3
sni.cloudflaressl.com,Cloudflare Inc ECC CA-3
www.egrantsreporting.doleta.gov,Entrust Certification Authority - L1K
www.dni.gov,GeoTrust RSA CA 2018
monitor.dnsops.gov,R3
*.doc.gov,DigiCert SHA2 Secure Server CA
donaciondeorganos.gov,DigiCert TLS RSA SHA256 2020 CA1
*.donotcall.gov,DigiCert TLS RSA SHA256 2020 CA1
dra.gov,R3
*.drugabuse.gov,DigiCert TLS RSA SHA256 2020 CA1
dsac.gov,Cloudflare Inc ECC CA-3
earthquake.gov,DigiCert SHA2 High Assurance Server CA
ecfr.gov,Amazon
*.econsumer.gov,DigiCert TLS RSA SHA256 2020 CA1
www.ed.gov,Sectigo RSA Domain Validation Secure Server CA
*.eda.gov,DigiCert TLS RSA SHA256 2020 CA1
*.eeoc.gov,Entrust Certification Authority - L1K
eftps.gov,Entrust Certification Authority - L1M
www.eia.gov,Entrust Certification Authority - L1K
elderjustice.gov,Entrust Certification Authority - L1K
emergency-federal-register.gov,Entrust Certification Authority - L1K
www.employeeexpress.gov,GeoTrust RSA CA 2018
*.energy.gov,Entrust Certification Authority - L1K
www.energycodes.gov,InCommon RSA Server CA
*.energystar.gov,Go Daddy Secure Certificate Authority - G2
whitehouse.gov,GeoTrust RSA CA 2018
www.esc.gov,Thawte TLS RSA CA G1
vpngw.eseclab.gov,DigiCert SHA2 Secure Server CA
www.esrs.gov,Entrust Certification Authority - L1M
evergladesrestoration.gov,R3
prod.platform.usda.gov,Entrust Certification Authority - L1K
prod.platform.usda.gov,Entrust Certification Authority - L1K
www.export.gov,DigiCert SHA2 Secure Server CA
www.eyenote.gov,Entrust Certification Authority - L1K
www.faasafety.gov,DigiCert TLS RSA SHA256 2020 CA1
www.fai.gov,Entrust Certification Authority - L1K
*.famep.gov,DigiCert TLS RSA SHA256 2020 CA1
*.fan.gov,DigiCert TLS RSA SHA256 2020 CA1
www.fapiis.gov,Entrust Certification Authority - L1M
fara.gov,Entrust Certification Authority - L1K
tls.automattic.com,R3
www.fbiic.gov,DigiCert Global G2 TLS RSA SHA256 2020 CA1
www.fca.gov,Entrust Certification Authority - L1K
www.fcsic.gov,Entrust Certification Authority - L1K
www.fdic.gov,DigiCert EV RSA CA G2
www.fdicoig.gov,DigiCert EV RSA CA G2
www.fdicoig.gov,DigiCert EV RSA CA G2
www.fdlp.gov,DigiCert SHA2 Extended Validation Server CA
*.fdms.gov,DigiCert TLS RSA SHA256 2020 CA1
uis.uat.usajobs.gov,GeoTrust RSA CA 2018
federalregister.gov,Amazon
*.federalreserve.gov,DigiCert SHA2 Secure Server CA
www.federalreserveconsumerhelp.gov,Entrust Certification Authority - L1K
www.fbf.gov,DigiCert SHA2 Secure Server CA
*.fedidcard.gov,DigiCert TLS RSA SHA256 2020 CA1
mail.opm.gov,GeoTrust RSA CA 2018
feedthefuture.gov,R3
www.opm.gov,GeoTrust RSA CA 2018
www.opm.gov,GeoTrust RSA CA 2018
fehrm.gov,Amazon
www.ferc.gov,DigiCert SHA2 Secure Server CA
*.ffiec.gov,DigiCert SHA2 Secure Server CA
www.fgdc.gov,DigiCert TLS RSA SHA256 2020 CA1
www.fhfaoig.gov,DigiCert SHA2 Secure Server CA
findtreatment.gov,R3
firstfreedom.gov,Entrust Certification Authority - L1K
*.firstnet.gov,DigiCert TLS RSA SHA256 2020 CA1
firstrespondertraining.gov,Entrust Certification Authority - L1K
*.fjc.gov,DigiCert TLS RSA SHA256 2020 CA1
flightschoolcandidates.gov,Entrust Certification Authority - L1M
flyhealthy.gov,DigiCert TLS RSA SHA256 2020 CA1
fmcs.gov,Sectigo RSA Organization Validation Secure Server CA
www.fmi.gov,DigiCert TLS RSA SHA256 2020 CA1
www.fmshrc.gov,Go Daddy Secure Certificate Authority - G2
*.fnal.gov,DigiCert TLS RSA SHA256 2020 CA1
foia.gov,Entrust Certification Authority - L1K
foreignassistance.gov,DigiCert TLS RSA SHA256 2020 CA1
www.forestsandrangelands.gov,Entrust Certification Authority - L1K
*.forfeiture.gov,Entrust Certification Authority - L1K
www.fpds.gov,Entrust Certification Authority - L1M
fraho.gov,Amazon
www.frtib.gov,DigiCert TLS RSA SHA256 2020 CA1
www.frtr.gov,Sectigo RSA Domain Validation Secure Server CA
*.ftccomplaintassistant.gov,DigiCert TLS RSA SHA256 2020 CA1
www.fvap.gov,R3
*.fws.gov,GlobalSign GCC R3 DV TLS CA 2020
www.g5.gov,Sectigo RSA Domain Validation Secure Server CA
*.gao.gov,Sectigo RSA Domain Validation Secure Server CA
www.gcmrc.gov,DigiCert TLS RSA SHA256 2020 CA1
*.genome.gov,Go Daddy Secure Certificate Authority - G2
www.geomac.gov,DigiCert SHA2 High Assurance Server CA
www.godirect.gov,Entrust Certification Authority - L1K
www.godirect.gov,Entrust Certification Authority - L1K
drupal-cms.goesr.woc.noaa.gov,R3
goldwaterscholarship.gov,Go Daddy Secure Certificate Authority - G2
uis.uat.usajobs.gov,GeoTrust RSA CA 2018
uis.uat.usajobs.gov,GeoTrust RSA CA 2018
benefits.gov,R3
benefits.gov,R3
www.gpo.gov,DigiCert SHA2 Extended Validation Server CA
gps.gov,R3
fishwatch.gov,R3
climate.gov,R3
*.grantsolutions.gov,Entrust Certification Authority - L1K
www.gsaadvantage.gov,DigiCert TLS RSA SHA256 2020 CA1
gsafleet.gov,Amazon
*.gsaig.gov,DigiCert TLS RSA SHA256 2020 CA1
gsaxcess.gov,DigiCert TLS RSA SHA256 2020 CA1
guideline.gov,DigiCert TLS RSA SHA256 2020 CA1
guideline.gov,DigiCert TLS RSA SHA256 2020 CA1
www.hanford.gov,GeoTrust RSA CA 2018
health.gov,Entrust Certification Authority - L1K
www.healthcare.gov,GeoTrust RSA CA 2018
www.healthcare.gov,GeoTrust RSA CA 2018
*.healthit.gov,Go Daddy Secure Certificate Authority - G2
healthypeople.gov,Entrust Certification Authority - L1K
sni.cloudflaressl.com,Cloudflare Inc ECC CA-3
sni.cloudflaressl.com,Cloudflare Inc ECC CA-3
*.hiv.gov,DigiCert TLS RSA SHA256 2020 CA1
*.hiv.gov,DigiCert TLS RSA SHA256 2020 CA1
www.dhs.gov,GeoTrust RSA CA 2018
www.house.gov,DigiCert TLS RSA SHA256 2020 CA1
*.house.gov,DigiCert TLS RSA SHA256 2020 CA1
hrsa.gov,Entrust Certification Authority - L1K
www.hud.gov,GeoTrust RSA CA 2018
www.hudhomestore.gov,GeoTrust RSA CA 2018
*.huduser.gov,Go Daddy Secure Certificate Authority - G2
www.iad.gov,DOD SW CA-54
iaf.gov,R3
iarpa-ideas.gov,DigiCert SHA2 Secure Server CA
iawg.gov,Entrust Certification Authority - L1K
www.usagm.gov,R3
*.ic3.gov,DigiCert SHA2 Secure Server CA
www3.dhs.gov,DigiCert SHA2 Secure Server CA
www3.dhs.gov,DigiCert SHA2 Secure Server CA
www3.dhs.gov,DigiCert SHA2 Secure Server CA
www3.dhs.gov,DigiCert SHA2 Secure Server CA
www3.dhs.gov,DigiCert SHA2 Secure Server CA
www.dni.gov,GeoTrust RSA CA 2018
www.dni.gov,GeoTrust RSA CA 2018
www.edison.gov,Entrust Certification Authority - L1K
www.iedison.gov,Entrust Certification Authority - L1K
www.ignet.gov,Entrust Certification Authority - L1K
doioig.gov,DigiCert TLS RSA SHA256 2020 CA1
www.ihs.gov,Entrust Certification Authority - L1K
imls.gov,Amazon
*.inl.gov,Entrust Certification Authority - L1K
innovation.gov,R3
www.dni.gov,GeoTrust RSA CA 2018
interpol.gov,Entrust Certification Authority - L1K
*.doi.gov,DigiCert Global CA G2
www.alaskacenters.gov,Go Daddy Secure Certificate Authority - G2
www.invasivespecies.gov,DigiCert SHA2 Secure Server CA
*.bia.gov,SSL.com RSA SSL subCA
*.bsee.gov,DigiCert TLS RSA SHA256 2020 CA1
*.boem.gov,DigiCert TLS RSA SHA256 2020 CA1
*.doi.gov,DigiCert Global CA G2
*.indianaffairs.gov,SSL.com RSA SSL subCA
www.sec.gov,DigiCert ECC Extended Validation Server CA
www.newyorkfed.org,Entrust Certification Authority - L1K
iprcenter.gov,Cloudflare Inc ECC CA-3
irs.gov,Entrust Certification Authority - L1K
irssales.gov,Entrust Certification Authority - L1K
irsvideos.gov,Entrust Certification Authority - L1K
www.dni.gov,GeoTrust RSA CA 2018
www.isotopes.gov,InCommon RSA Server CA
itdashboard.gov,R3
www.its.gov,Entrust Certification Authority - L1K
sni.cloudflaressl.com,Cloudflare Inc ECC CA-3
www.jamesmadison.gov,R3
*.jct.gov,DigiCert TLS RSA SHA256 2020 CA1
www.lacoast.gov,DigiCert TLS RSA SHA256 2020 CA1
sni.cloudflaressl.com,Cloudflare Inc ECC CA-3
*.jobcorps.gov,DigiCert TLS RSA SHA256 2020 CA1
www4.dhs.gov,DigiCert SHA2 Secure Server CA
www4.dhs.gov,DigiCert SHA2 Secure Server CA
jusfc.gov,Starfield Secure Certificate Authority - G2
justice.gov,Entrust Certification Authority - L1K
www.dea.gov,DigiCert SHA2 Secure Server CA
JUVENILECOUNCIL.GOV,DigiCert SHA2 Secure Server CA
jwod.gov,Entrust Certification Authority - L1K
jwod.gov,Entrust Certification Authority - L1K
landimaging.gov,DigiCert TLS RSA SHA256 2020 CA1
*.lanl.gov,Entrust Certification Authority - L1K
lbl.gov,InCommon RSA Server CA
*.lcacommons.gov,DigiCert TLS RSA SHA256 2020 CA1
www.learnatf.gov,Go Daddy Secure Certificate Authority - G2
www.learnDOJ.gov,Entrust Certification Authority - L1K
ada.gov,Entrust Certification Authority - L1K
login.gov,R3
www.macpac.gov,R3
coast.noaa.gov,R3
max.gov,R3
max.gov,R3
max.gov,R3
*.mbda.gov,DigiCert TLS RSA SHA256 2020 CA1
mcc.gov,DigiCert SHA2 Secure Server CA
MEDALOFVALOR.GOV,DigiCert TLS RSA SHA256 2020 CA1
www.medicalcountermeasures.gov,Entrust Certification Authority - L1K
www.medicare.gov,GeoTrust RSA CA 2018
www.medicare.gov,GeoTrust RSA CA 2018
mesh.gov,Entrust Certification Authority - L1K
locatorplus.gov,Entrust Certification Authority - L1K
mgi.gov,DigiCert TLS RSA SHA256 2020 CA1
mimm.gov,R3
mmc.gov,Starfield Secure Certificate Authority - G2
*.mojavedata.gov,AlphaSSL CA - SHA256 - G2
www.moneyfactory.gov,Entrust Certification Authority - L1K
www.mrlc.gov,DigiCert TLS RSA SHA256 2020 CA1
landfire.gov,DigiCert TLS RSA SHA256 2020 CA1
www.fincen.gov,Entrust Certification Authority - L1K
*.mspb.gov,DigiCert TLS RSA SHA256 2020 CA1
www.mtbs.gov,DigiCert TLS RSA SHA256 2020 CA1
www.census.gov,GeoTrust RSA CA 2018
www.mycreditunion.gov,DigiCert TLS RSA SHA256 2020 CA1
www.medicare.gov,GeoTrust RSA CA 2018
myra.gov,Entrust Certification Authority - L1K
www.nafri.gov,Entrust Certification Authority - L1K
nagb.gov,R3
NAMUS.GOV,DigiCert TLS RSA SHA256 2020 CA1
www.nano.gov,Entrust Certification Authority - L1K
www.helpwithmybank.gov,Entrust Certification Authority - L1K
www.helpwithmybank.gov,Entrust Certification Authority - L1K
www.helpwithmybank.gov,Entrust Certification Authority - L1K
www.helpwithmybank.gov,Entrust Certification Authority - L1K
www.helpwithmybank.gov,Entrust Certification Authority - L1K
www.helpwithmybank.gov,Entrust Certification Authority - L1K
www.helpwithmybank.gov,Entrust Certification Authority - L1K
www.helpwithmybank.gov,Entrust Certification Authority - L1K
www.helpwithmybank.gov,Entrust Certification Authority - L1K
www.helpwithmybank.gov,Entrust Certification Authority - L1K
banknet.gov,Entrust Certification Authority - L1K
banknet.gov,Entrust Certification Authority - L1K
banknet.gov,Entrust Certification Authority - L1K
nationalgangcenter.gov,Go Daddy Secure Certificate Authority - G2
nationalhousing.gov,GeoTrust RSA CA 2018
nationalhousinglocator.gov,GeoTrust RSA CA 2018
nationalresourcedirectory.gov,DigiCert TLS RSA SHA256 2020 CA1
ed.gov,Sectigo RSA Domain Validation Secure Server CA
ed.gov,Sectigo RSA Domain Validation Secure Server CA
ed.gov,Sectigo RSA Domain Validation Secure Server CA
sni.cloudflaressl.com,Cloudflare Inc ECC CA-3
eaglecash.gov,Entrust Certification Authority - L1K
www.nbrc.gov,R3
www.olcf.ornl.gov,DigiCert TLS RSA SHA256 2020 CA1
www.ncd.gov,GeoTrust RSA CA 2018
*.ncifcrf.gov,DigiCert TLS RSA SHA256 2020 CA1
NCJRS.GOV,DigiCert TLS RSA SHA256 2020 CA1
www.dni.gov,GeoTrust RSA CA 2018
www.ncua.gov,DigiCert TLS RSA SHA256 2020 CA1
nea.gov,Go Daddy Secure Certificate Authority - G2
arts.gov,Go Daddy Secure Certificate Authority - G2
neh.gov,Entrust Certification Authority - L1K
nehrp.gov,DigiCert TLS RSA SHA256 2020 CA1
www.nemi.gov,DigiCert TLS RSA SHA256 2020 CA1
nepa.gov,Entrust Certification Authority - L1K
nersc.gov,InCommon RSA Server CA
neup.gov,Entrust Certification Authority - L1K
*.nfpors.gov,DigiCert TLS RSA SHA256 2020 CA1
nhl.gov,GeoTrust RSA CA 2018
domains.dotgov.gov,DigiCert EV RSA CA G2
domains.dotgov.gov,DigiCert EV RSA CA G2
*.nicic.gov,DigiCert TLS RSA SHA256 2020 CA1
www.blm.gov,DigiCert TLS RSA SHA256 2020 CA1
www.nigc.gov,DigiCert TLS RSA SHA256 2020 CA1
www.nih.gov,Go Daddy Secure Certificate Authority - G2
*.nitrd.gov,Entrust Certification Authority - L1K
nlm.gov,Entrust Certification Authority - L1K
nlrb.gov,DigiCert TLS RSA SHA256 2020 CA1
nls.gov,GeoTrust RSA CA 2018
nmb.gov,DigiCert SHA2 Extended Validation Server CA
nmvtis.gov,DigiCert TLS RSA SHA256 2020 CA1
nnlm.gov,Amazon
www.nnss.gov,Entrust Certification Authority - L1K
noaa.gov,R3
icams-portal.gov,R3
*.nrd.gov,DigiCert TLS RSA SHA256 2020 CA1
*.nrel.gov,DigiCert SHA2 High Assurance Server CA
www.defense.gov,R3
nscai.gov,R3
nsep.gov,Sectigo RSA Domain Validation Secure Server CA
www.nsf.gov,DigiCert SHA2 Extended Validation Server CA
*.nsopw.gov,Go Daddy Secure Certificate Authority - G2
*.ntia.gov,DigiCert SHA2 High Assurance Server CA
ntsb.gov,R3
*.invasivespeciesinfo.gov,DigiCert TLS RSA SHA256 2020 CA1
*.itap.gov,DigiCert TLS RSA SHA256 2020 CA1
*.nutrition.gov,DigiCert TLS RSA SHA256 2020 CA1
nwbc.gov,R3
www.compliance.gov,R3
www.compliance.gov,R3
ofr.gov,DigiCert SHA2 Extended Validation Server CA
www.oge.gov,Sectigo RSA Domain Validation Secure Server CA
OJJDP.GOV,DigiCert TLS RSA SHA256 2020 CA1
ojp.gov,DigiCert TLS RSA SHA256 2020 CA1
oldcc.gov,DigiCert TLS RSA SHA256 2020 CA1
oldcc.gov,DigiCert TLS RSA SHA256 2020 CA1
whitehouse.gov,GeoTrust RSA CA 2018
whitehouse.gov,GeoTrust RSA CA 2018
*.onrr.gov,DigiCert TLS RSA SHA256 2020 CA1
*.opic.gov,DigiCert SHA2 High Assurance Server CA
opportunityzones.gov,GeoTrust RSA CA 2018
*.orau.gov,DigiCert SHA2 High Assurance Server CA
*.osc.gov,DigiCert TLS RSA SHA256 2020 CA1
portal.osdls.gov,Amazon
*.osmre.gov,DigiCert SHA2 Secure Server CA
*.osti.gov,Sectigo RSA Domain Validation Secure Server CA
OCC.GOV,Entrust Certification Authority - L1K
OCC.GOV,Entrust Certification Authority - L1K
OCC.GOV,Entrust Certification Authority - L1K
OVC.GOV,DigiCert SHA2 Secure Server CA
*.ovcttac.gov,DigiCert TLS RSA SHA256 2020 CA1
oversight.gov,Entrust Certification Authority - L1K
pacer.uscourts.gov,DigiCert Global CA G2
*.pandemicoversight.gov,Go Daddy Secure Certificate Authority - G2
papahanaumokuakea.gov,DigiCert TLS RSA SHA256 2020 CA1
www.pay.gov,Entrust Certification Authority - L1K
www.pbgc.gov,GeoTrust RSA CA 2018
pclob.gov,Go Daddy Secure Certificate Authority - G2
peacecorps.gov,DigiCert SHA2 Secure Server CA
www.blm.gov,DigiCert TLS RSA SHA256 2020 CA1
www.blm.gov,DigiCert TLS RSA SHA256 2020 CA1
www.blm.gov,DigiCert TLS RSA SHA256 2020 CA1
pif.gov,R3
plainlanguage.gov,R3
www.opm.gov,GeoTrust RSA CA 2018
www.opm.gov,GeoTrust RSA CA 2018
www.pmi.gov,Amazon
*.pnl.gov,InCommon RSA Server CA
*.pnnl.gov,InCommon RSA Server CA
www.ppdcecc.gov,DigiCert TLS RSA SHA256 2020 CA1
www.prc.gov,Entrust Certification Authority - L1K
origin-www.fsis.usda.gov,Entrust Certification Authority - L1K
presidentialserviceawards.gov,Amazon
www.presidio.gov,Go Daddy Secure Certificate Authority - G2
www.presidiotunneltops.gov,Go Daddy Secure Certificate Authority - G2
www.psa.gov,DigiCert TLS RSA SHA256 2020 CA1
projectsafechildhood.gov,Entrust Certification Authority - L1K
projectsafeneighborhoods.gov,Entrust Certification Authority - L1K
www.ftc.gov,GeoTrust RSA CA 2018
www.ftc.gov,GeoTrust RSA CA 2018
www.ftc.gov,GeoTrust RSA CA 2018
*.psc.gov,DigiCert TLS RSA SHA256 2020 CA1
PSOB.GOV,DigiCert TLS RSA SHA256 2020 CA1
*.pubmed.gov,DigiCert TLS RSA SHA256 2020 CA1
www.dni.gov,GeoTrust RSA CA 2018
www.dni.gov,GeoTrust RSA CA 2018
fttesttwai.fms.treas.gov,Entrust Certification Authority - L1K
rcfl.gov,Cloudflare Inc ECC CA-3
sni.cloudflaressl.com,Cloudflare Inc ECC CA-3
gsaauctions.gov,DigiCert TLS RSA SHA256 2020 CA1
gsaauctions.gov,DigiCert TLS RSA SHA256 2020 CA1
*.recreation.gov,Amazon
www.cpsc.gov,GeoTrust RSA CA 2018
www.cpsc.gov,GeoTrust RSA CA 2018
www.cpsc.gov,GeoTrust RSA CA 2018
*.recreation.gov,Amazon
www.reginfo.gov,DigiCert TLS RSA SHA256 2020 CA1
*.regulations.gov,DigiCert SHA2 Secure Server CA
www.bosque.gov,Entrust Certification Authority - L1K
www.house.gov,DigiCert TLS RSA SHA256 2020 CA1
www.house.gov,DigiCert TLS RSA SHA256 2020 CA1
www.house.gov,DigiCert TLS RSA SHA256 2020 CA1
www.house.gov,DigiCert TLS RSA SHA256 2020 CA1
www.house.gov,DigiCert TLS RSA SHA256 2020 CA1
www.house.gov,DigiCert TLS RSA SHA256 2020 CA1
www.house.gov,DigiCert TLS RSA SHA256 2020 CA1
www.house.gov,DigiCert TLS RSA SHA256 2020 CA1
www.house.gov,DigiCert TLS RSA SHA256 2020 CA1
www.house.gov,DigiCert TLS RSA SHA256 2020 CA1
www.house.gov,DigiCert TLS RSA SHA256 2020 CA1
www.house.gov,DigiCert TLS RSA SHA256 2020 CA1
www.house.gov,DigiCert TLS RSA SHA256 2020 CA1
www.house.gov,DigiCert TLS RSA SHA256 2020 CA1
www.house.gov,DigiCert TLS RSA SHA256 2020 CA1
www.rivers.gov,Sectigo RSA Domain Validation Secure Server CA
*.robodeidentidad.gov,DigiCert TLS RSA SHA256 2020 CA1
www.rocis.gov,DigiCert TLS RSA SHA256 2020 CA1
rrb.gov,DigiCert SHA2 Extended Validation Server CA
www.sac.gov,DigiCert SHA2 Extended Validation Server CA
safecom.gov,DigiCert TLS RSA SHA256 2020 CA1
www.safeocs.gov,Entrust Certification Authority - L1K
*.saferproducts.gov,DigiCert TLS RSA SHA256 2020 CA1
www.safetyact.gov,Go Daddy Secure Certificate Authority - G2
www.csb.gov,DigiCert TLS RSA SHA256 2020 CA1
www.salmonrecovery.gov,Entrust Certification Authority - L1K
sam.gov,Entrust Certification Authority - L1M
samhsa.gov,Entrust Certification Authority - L1K
mentalhealth.gov,Entrust Certification Authority - L1K
recoverymonth.gov,Entrust Certification Authority - L1K
*.sandia.gov,Sectigo RSA Organization Validation Secure Server CA
sba.gov,R3
sbir.gov,R3
sbst.gov,R3
*.science.gov,Sectigo RSA Domain Validation Secure Server CA
scijinks.gov,DigiCert SHA2 High Assurance Server CA
scra.gov,Entrust Certification Authority - L1K
search.gov,R3
www.poolsafely.gov,DigiCert TLS RSA SHA256 2020 CA1
www.poolsafely.gov,DigiCert TLS RSA SHA256 2020 CA1
www.poolsafely.gov,DigiCert TLS RSA SHA256 2020 CA1
www.poolsafely.gov,DigiCert TLS RSA SHA256 2020 CA1
www.ssa.gov,DigiCert SHA2 Extended Validation Server CA
*.sentinel.gov,DigiCert TLS RSA SHA256 2020 CA1
servicemembers.gov,Entrust Certification Authority - L1K
*.simplereport.gov,Entrust Certification Authority - L1K
*.sji.gov,Sectigo RSA Domain Validation Secure Server CA
SMART.GOV,DigiCert SHA2 Secure Server CA
www.smokefree.gov,DigiCert TLS RSA SHA256 2020 CA1
www.house.gov,DigiCert TLS RSA SHA256 2020 CA1
www.spectrum.gov,DigiCert SHA2 High Assurance Server CA
www.ssa.gov,DigiCert SHA2 Extended Validation Server CA
www.ssa.gov,DigiCert SHA2 Extended Validation Server CA
*.sss.gov,DigiCert TLS RSA SHA256 2020 CA1
www.stb.gov,Entrust Certification Authority - L1K
www.buyusa.gov,Entrust Certification Authority - L1K
www.supremecourt.gov,GeoTrust RSA CA 2018
www.swpa.gov,Go Daddy Secure Certificate Authority - G2
tak.gov,R3
tasefiling.gov,Entrust Certification Authority - L1K
tax.gov,Entrust Certification Authority - L1K
mail.opm.gov,GeoTrust RSA CA 2018
mail.opm.gov,GeoTrust RSA CA 2018
hhs.gov,DigiCert SHA2 Secure Server CA
hhs.gov,DigiCert SHA2 Secure Server CA
hhs.gov,DigiCert SHA2 Secure Server CA
hhs.gov,DigiCert SHA2 Secure Server CA
hhs.gov,DigiCert SHA2 Secure Server CA
hhs.gov,DigiCert SHA2 Secure Server CA
hhs.gov,DigiCert SHA2 Secure Server CA
hhs.gov,DigiCert SHA2 Secure Server CA
hhs.gov,DigiCert SHA2 Secure Server CA
hhs.gov,DigiCert SHA2 Secure Server CA
hhs.gov,DigiCert SHA2 Secure Server CA
hhs.gov,DigiCert SHA2 Secure Server CA
hhs.gov,DigiCert SHA2 Secure Server CA
hhs.gov,DigiCert SHA2 Secure Server CA
hhs.gov,DigiCert SHA2 Secure Server CA
hhs.gov,DigiCert SHA2 Secure Server CA
hhs.gov,DigiCert SHA2 Secure Server CA
www4.dhs.gov,DigiCert SHA2 Secure Server CA
www.ems.gov,Entrust Certification Authority - L1K
www.distracteddriving.gov,Entrust Certification Authority - L1K
www.safercar.gov,Entrust Certification Authority - L1K
www.911.gov,Entrust Certification Authority - L1K
www.safertruck.gov,Entrust Certification Authority - L1K
www.trafficsafetymarketing.gov,Entrust Certification Authority - L1K
www.safecar.gov,Entrust Certification Authority - L1K
www.nhtsa.gov,Entrust Certification Authority - L1K
www.distraction.gov,Entrust Certification Authority - L1K
trumanlibrary.gov,Entrust Certification Authority - L1K
georgewbushlibrary.gov,Entrust Certification Authority - L1K
eisenhowerlibrary.gov,Entrust Certification Authority - L1K
ourdocuments.gov,Entrust Certification Authority - L1K
archives.gov,Entrust Certification Authority - L1K
reaganlibrary.gov,Entrust Certification Authority - L1K
archives.gov,Entrust Certification Authority - L1K
clintonlibrary.gov,Entrust Certification Authority - L1K
nixonlibrary.gov,Entrust Certification Authority - L1K
lbjlibrary.gov,Entrust Certification Authority - L1K
recordsmanagement.gov,Entrust Certification Authority - L1K
jimmycarterlibrary.gov,Entrust Certification Authority - L1K
fordlibrarymuseum.gov,Entrust Certification Authority - L1K
jfklibrary.gov,Entrust Certification Authority - L1K
dd214.gov,R3
trumpwhitehouse.gov,Entrust Certification Authority - L1K
frc.gov,Entrust Certification Authority - L1K
trumplibrary.gov,Entrust Certification Authority - L1K
obamawhitehouse.gov,Entrust Certification Authority - L1K
obamalibrary.gov,Entrust Certification Authority - L1K
history.gov,Entrust Certification Authority - L1K
bush41library.gov,Entrust Certification Authority - L1K
www.tsp.gov,DigiCert TLS RSA SHA256 2020 CA1
www.tsp.gov,DigiCert TLS RSA SHA256 2020 CA1
weather.gov,DigiCert SHA2 Secure Server CA
sni.cloudflaressl.com,Cloudflare Inc ECC CA-3
*.ttbonline.gov,Entrust Certification Authority - L1K
tva.gov,Cloudflare Inc ECC CA-3
dol.gov,GeoTrust RSA CA 2018
uis.uat.usajobs.gov,GeoTrust RSA CA 2018
*.epa.gov,DigiCert TLS RSA SHA256 2020 CA1
chestnut3.epa.gov,DigiCert SHA2 Extended Validation Server CA
chestnut3.epa.gov,DigiCert SHA2 Extended Validation Server CA
us-cert.gov,Entrust Certification Authority - L1K
usability.gov,R3
www.usadf.gov,Sectigo RSA Domain Validation Secure Server CA
www.usadf.gov,Sectigo RSA Domain Validation Secure Server CA
answers.usa.gov,R3
answers.usa.gov,R3
answers.usa.gov,R3
answers.usa.gov,R3
answers.usa.gov,R3
answers.usa.gov,R3
answers.usa.gov,R3
answers.usa.gov,R3
answers.usa.gov,R3
answers.usa.gov,R3
answers.usa.gov,R3
*.usaid.gov,DigiCert TLS RSA SHA256 2020 CA1
*.usajobs.gov,DigiCert SHA2 Secure Server CA
*.usalearning.gov,Entrust Certification Authority - L1K
*.usap.gov,DigiCert TLS RSA SHA256 2020 CA1
www.usbg.gov,Entrust Certification Authority - L1K
mitigationcommission.gov,DigiCert TLS RSA SHA256 2020 CA1
*.usbr.gov,DigiCert TLS RSA SHA256 2020 CA1
lcrmscp.gov,DigiCert TLS RSA SHA256 2020 CA1
*.usbr.gov,DigiCert TLS RSA SHA256 2020 CA1
www.uscirf.gov,R3
www3.dhs.gov,DigiCert SHA2 Secure Server CA
www3.dhs.gov,DigiCert SHA2 Secure Server CA
www3.dhs.gov,DigiCert SHA2 Secure Server CA
www3.dhs.gov,DigiCert SHA2 Secure Server CA
www3.dhs.gov,DigiCert SHA2 Secure Server CA
www3.dhs.gov,DigiCert SHA2 Secure Server CA
www3.dhs.gov,DigiCert SHA2 Secure Server CA
www3.dhs.gov,DigiCert SHA2 Secure Server CA
www3.dhs.gov,DigiCert SHA2 Secure Server CA
www3.dhs.gov,DigiCert SHA2 Secure Server CA
www3.dhs.gov,DigiCert SHA2 Secure Server CA
www.gpo.gov,DigiCert SHA2 Extended Validation Server CA
www.gpo.gov,DigiCert SHA2 Extended Validation Server CA
www.gpo.gov,DigiCert SHA2 Extended Validation Server CA
www.gpo.gov,DigiCert SHA2 Extended Validation Server CA
www.gpo.gov,DigiCert SHA2 Extended Validation Server CA
www.gpo.gov,DigiCert SHA2 Extended Validation Server CA
www.gpo.gov,DigiCert SHA2 Extended Validation Server CA
www.uscourts.gov,DigiCert TLS Hybrid ECC SHA384 2020 CA1
prod.platform.usda.gov,Entrust Certification Authority - L1K
prod.platform.usda.gov,Entrust Certification Authority - L1K
prod.usda.gov,Entrust Certification Authority - L1K
prod.platform.usda.gov,Entrust Certification Authority - L1K
prod.platform.usda.gov,Entrust Certification Authority - L1K
*.usdebitcard.gov,Entrust Certification Authority - L1K
sni.cloudflaressl.com,Cloudflare Inc ECC CA-3
usdoj.gov,Entrust Certification Authority - L1K
sni.cloudflaressl.com,Cloudflare Inc ECC CA-3
userra.gov,Entrust Certification Authority - L1K
usgeo.gov,Sectigo RSA Domain Validation Secure Server CA
usgovernmentmanual.gov,DigiCert SHA2 Extended Validation Server CA
www.usicecenter.gov,Entrust Certification Authority - L1K
dev2.usich.gov,Let's Encrypt Authority X3
usich.gov,Sectigo RSA Domain Validation Secure Server CA
www.dfc.gov,DigiCert SHA2 Extended Validation Server CA
www.dfc.gov,DigiCert SHA2 Extended Validation Server CA
www.dfc.gov,DigiCert SHA2 Extended Validation Server CA
www.dfc.gov,DigiCert SHA2 Extended Validation Server CA
usip.org,Sectigo RSA Domain Validation Secure Server CA
usmarshals.gov,Entrust Certification Authority - L1K
www.usmint.gov,Entrust Certification Authority - L1K
www.usmint.gov,Entrust Certification Authority - L1K
usphs.gov,Entrust Certification Authority - L1K
uspis.gov,Sectigo RSA Organization Validation Secure Server CA
www.uspsoig.gov,DigiCert SHA2 High Assurance Server CA
zoneapex-byr.uspto.gov,Entrust Certification Authority - L1K
america250.gov,R3
www3.dhs.gov,DigiCert SHA2 Secure Server CA
www3.dhs.gov,DigiCert SHA2 Secure Server CA
www3.dhs.gov,DigiCert SHA2 Secure Server CA
www3.dhs.gov,DigiCert SHA2 Secure Server CA
www3.dhs.gov,DigiCert SHA2 Secure Server CA
ustaxcourt.gov,Amazon
ustda.gov,R3
treasury.gov,Entrust Certification Authority - L1K
treasury.gov,Entrust Certification Authority - L1K
treasury.gov,Entrust Certification Authority - L1K
treasury.gov,Entrust Certification Authority - L1K
sigpr.gov,Entrust Certification Authority - L1K
treasury.gov,Entrust Certification Authority - L1K
moneyfactorystore.gov,Entrust Certification Authority - L1K
treasury.gov,Entrust Certification Authority - L1K
treasury.gov,Entrust Certification Authority - L1K
treasury.gov,Entrust Certification Authority - L1K
treasury.gov,Entrust Certification Authority - L1K
treasury.gov,Entrust Certification Authority - L1K
treasury.gov,Entrust Certification Authority - L1K
treasury.gov,Entrust Certification Authority - L1K
treasury.gov,Entrust Certification Authority - L1K
treasury.gov,Entrust Certification Authority - L1K
*.treasury.gov,Entrust Certification Authority - L1K
treasury.gov,Entrust Certification Authority - L1K
treasury.gov,Entrust Certification Authority - L1K
treasury.gov,Entrust Certification Authority - L1K
treasury.gov,Entrust Certification Authority - L1K
treasury.gov,Entrust Certification Authority - L1K
treasury.gov,Entrust Certification Authority - L1K
treasury.gov,Entrust Certification Authority - L1K
treasury.gov,Entrust Certification Authority - L1K
sni.cloudflaressl.com,Cloudflare Inc ECC CA-3
www.va.gov,Sectigo RSA Domain Validation Secure Server CA
www.cdc.gov,Entrust Certification Authority - L1K
www.cdc.gov,Entrust Certification Authority - L1K
www.cdc.gov,Entrust Certification Authority - L1K
www.cdc.gov,Entrust Certification Authority - L1K
www.cdc.gov,Entrust Certification Authority - L1K
veterans.gov,Entrust Certification Authority - L1K
*.vets.gov,Sectigo RSA Domain Validation Secure Server CA
www.usagm.gov,R3
vote.gov,R3
eac.gov,GeoTrust EV RSA CA 2018
eac.gov,GeoTrust EV RSA CA 2018
eac.gov,GeoTrust EV RSA CA 2018
fcic.gov,Entrust Certification Authority - L1K
wartimecontracting.gov,Entrust Certification Authority - L1K
911commission.gov,InCommon RSA Server CA
9-11commission.gov,InCommon RSA Server CA
*.nationalmap.gov,DigiCert TLS RSA SHA256 2020 CA1
acwi.gov,DigiCert TLS RSA SHA256 2020 CA1
watermonitor.gov,DigiCert TLS RSA SHA256 2020 CA1
*.usgs.gov,DigiCert TLS RSA SHA256 2020 CA1
thenamingcommission.gov,Sectigo RSA Domain Validation Secure Server CA
pbrb.gov,Sectigo RSA Domain Validation Secure Server CA
saferfederalworkforce.gov,Sectigo RSA Domain Validation Secure Server CA
cio.gov,Sectigo RSA Domain Validation Secure Server CA
faca.gov,Sectigo RSA Domain Validation Secure Server CA
ussm.gov,Sectigo RSA Domain Validation Secure Server CA
fedramp.gov,Sectigo RSA Domain Validation Secure Server CA
idmanagement.gov,Sectigo RSA Domain Validation Secure Server CA
www.frpg.gov,Sectigo RSA Domain Validation Secure Server CA
buyamerican.gov,Sectigo RSA Domain Validation Secure Server CA
evaluation.gov,Sectigo RSA Domain Validation Secure Server CA
fpc.gov,Sectigo RSA Domain Validation Secure Server CA
section508.gov,Sectigo RSA Domain Validation Secure Server CA
performance.gov,Sectigo RSA Domain Validation Secure Server CA
cdo.gov,Sectigo RSA Domain Validation Secure Server CA
paymentaccuracy.gov,Sectigo RSA Domain Validation Secure Server CA
cfo.gov,Sectigo RSA Domain Validation Secure Server CA
wdol.gov,Sectigo RSA Domain Validation Secure Server CA
fbo.gov,Sectigo RSA Domain Validation Secure Server CA
challenge.gov,Sectigo RSA Domain Validation Secure Server CA
citizenscience.gov,Sectigo RSA Domain Validation Secure Server CA
400yaahc.gov,Sectigo RSA Domain Validation Secure Server CA
www.reporting.gov,Sectigo RSA Domain Validation Secure Server CA
www.realpropertyprofile.gov,Sectigo RSA Domain Validation Secure Server CA
pic.gov,Sectigo RSA Domain Validation Secure Server CA
ecpic.gov,Sectigo RSA Domain Validation Secure Server CA
www.facadatabase.gov,Sectigo RSA Domain Validation Secure Server CA
madeinamerica.gov,Sectigo RSA Domain Validation Secure Server CA
fedrooms.gov,Sectigo RSA Domain Validation Secure Server CA
weather.gov,DigiCert SHA2 Secure Server CA
weather.gov,DigiCert SHA2 Secure Server CA
webharvest.gov,Entrust Certification Authority - L1K
*.whdpc.gov,R3
www.cftc.gov,Entrust Certification Authority - L1M
www.cftc.gov,Entrust Certification Authority - L1M
www.cftc.gov,Entrust Certification Authority - L1M
benefits.gov,R3
benefits.gov,R3
benefits.gov,R3
benefits.gov,R3
benefits.gov,R3
benefits.gov,R3
benefits.gov,R3
whitehouse.gov,GeoTrust RSA CA 2018
whitehouse.gov,GeoTrust RSA CA 2018
longtermcare.gov,Entrust Certification Authority - L1K
agingstats.gov,Entrust Certification Authority - L1K
*.whitehouseconferenceonaging.gov,DigiCert TLS RSA SHA256 2020 CA1
aoa.gov,Entrust Certification Authority - L1K
whitehouse.gov,GeoTrust RSA CA 2018
whitehouse.gov,GeoTrust RSA CA 2018
whitehouse.gov,GeoTrust RSA CA 2018
whitehouse.gov,GeoTrust RSA CA 2018
treasurydirect.gov,Entrust Certification Authority - L1K
treasurydirect.gov,Entrust Certification Authority - L1K
treasurydirect.gov,Entrust Certification Authority - L1K
treasurydirect.gov,Entrust Certification Authority - L1K
treasurydirect.gov,Entrust Certification Authority - L1K
treasurydirect.gov,Entrust Certification Authority - L1K
treasurydirect.gov,Entrust Certification Authority - L1K
treasurydirect.gov,Entrust Certification Authority - L1K
treasurydirect.gov,Entrust Certification Authority - L1K
treasurydirect.gov,Entrust Certification Authority - L1K
treasurydirect.gov,Entrust Certification Authority - L1K
*.womenshealth.gov,DigiCert SHA2 Secure Server CA
*.womenshealth.gov,DigiCert SHA2 Secure Server CA
sni.cloudflaressl.com,Cloudflare Inc ECC CA-3
worldwar1centennial.gov,R3
*.wrp.gov,Entrust Certification Authority - L1K
youth.gov,Go Daddy Secure Certificate Authority - G2
dol.gov,GeoTrust RSA CA 2018
